# Angle of attack (°),Mach number (?),Drag coefficient (?),Normal force coefficient (?),Pitch moment coefficient (?),Yaw moment coefficient (?),Side force coefficient (?),Roll moment coefficient (?)
8.3036,0.037141,0.32739,1.6071,0.83331,5.78E-05,0,0
7.7325,0.039663,0.32736,1.4661,0.81323,-1.87E-04,0,0
7.1115,0.043462,0.32738,1.3178,0.78646,-4.28E-04,0,0
6.5581,0.049188,0.3274,1.1901,0.75736,9.63E-06,0,0
5.5578,0.057745,0.32745,0.97,0.69112,8.51E-05,0,0
4.7037,0.067842,0.32752,0.79299,0.62049,-3.54E-04,0,0
4.1036,0.077951,0.3276,0.67469,0.56382,-2.23E-04,0,0
3.5917,0.088059,0.32769,0.57778,0.51072,4.06E-04,0,0
3.2181,0.098171,0.32779,0.50935,0.46983,-9.95E-05,0,0
2.7658,0.10827,0.32791,0.4291,0.41562,-3.16E-04,0,0
2.4393,0.11837,0.32803,0.37297,0.37354,1.05E-04,0,0
2.2021,0.12847,0.32816,0.33314,0.34261,7.80E-05,0,0
1.9325,0.13856,0.32831,0.2888,0.30631,2.38E-04,0,0
1.759,0.14865,0.32847,0.26084,0.28123,-3.79E-04,0,0
1.6101,0.15874,0.32864,0.23718,0.25989,1.18E-04,0,0
1.4107,0.16881,0.32882,0.20593,0.23072,2.19E-04,0,0
1.2808,0.17887,0.32901,0.18588,0.21134,-2.22E-04,0,0
1.1317,0.18893,0.32921,0.16315,0.18812,-1.73E-04,0,0
0.84663,0.19896,0.32942,0.12042,0.142,-3.20E-04,0,0
0.59812,0.20898,0.32964,0.084081,0.10066,-1.67E-04,0,0
0.42617,0.21899,0.32988,0.059432,0.072269,4.11E-04,0,0
0.1578,0.22898,0.33013,0.021724,0.024566,1.77E-04,0,0
0.086573,0.23895,0.33038,0.011883,0.019148,3.41E-04,0,0
0.2271,0.24891,0.33065,0.031422,0.04338,-3.13E-04,0,0
0.37219,0.25886,0.33093,0.051919,0.069245,-2.40E-04,0,0
0.52291,0.26878,0.33122,0.073561,0.095826,1.33E-04,0,0
0.61876,0.27869,0.33152,0.087536,0.11293,-1.52E-05,0,0
0.71525,0.28858,0.33184,0.10176,0.1297,-4.84E-04,0,0
0.77927,0.29845,0.33216,0.11132,0.14138,-5.93E-05,0,0
0.76211,0.3083,0.3325,0.10888,0.13797,6.72E-05,0,0
0.68618,0.31814,0.33284,0.097763,0.12588,-2.85E-04,0,0
0.64291,0.32795,0.3332,0.091495,0.11835,4.78E-04,0,0
0.62089,0.33772,0.33357,0.088356,0.11468,-4.18E-04,0,0
0.5812,0.34747,0.33395,0.082634,0.10827,-1.53E-04,0,0
0.47933,0.35721,0.33435,0.067881,0.089706,1.20E-06,0,0
0.34454,0.36693,0.33475,0.048523,0.064951,-1.44E-04,0,0
0.19559,0.37662,0.33517,0.027372,0.037799,9.06E-05,0,0
0.072089,0.38628,0.33559,0.010038,0.01328,-3.39E-04,0,0
0.029744,0.39591,0.33603,0.0041382,0.0058955,6.83E-05,0,0
0.12812,0.40552,0.33648,0.017937,0.025359,1.32E-05,0,0
0.21918,0.41509,0.33694,0.030867,0.043552,1.70E-04,0,0
0.31171,0.42464,0.33742,0.04416,0.062105,9.83E-05,0,0
0.34031,0.43415,0.3379,0.048347,0.067781,-4.62E-04,0,0
0.30801,0.44362,0.3384,0.043749,0.062003,-4.01E-04,0,0
0.30239,0.45308,0.3389,0.043001,0.060864,-4.15E-04,0,0
0.28071,0.4625,0.33942,0.039934,0.057071,4.80E-04,0,0
0.21819,0.47188,0.33996,0.030991,0.044768,3.23E-04,0,0
0.13047,0.48123,0.3405,0.018479,0.027035,-1.87E-06,0,0
0.041074,0.49054,0.34106,0.0058009,0.0080906,1.78E-04,0,0
0.024016,0.49982,0.34163,0.0033943,0.0055955,4.34E-04,0,0
0.080079,0.50908,0.34221,0.011369,0.017031,-2.36E-04,0,0
0.13142,0.51829,0.34281,0.018737,0.028197,4.09E-05,0,0
0.15989,0.52747,0.34341,0.022866,0.034095,1.38E-04,0,0
0.17997,0.5366,0.34403,0.025808,0.038932,-2.72E-04,0,0
0.17395,0.5457,0.34467,0.024982,0.038076,2.43E-05,0,0
0.12047,0.55477,0.34532,0.017286,0.026466,-4.75E-05,0,0
0.064037,0.56381,0.34598,0.0091804,0.013691,-4.86E-04,0,0
0.046095,0.57278,0.34665,0.0066148,0.010663,3.47E-04,0,0
0.013119,0.58172,0.34734,0.0018831,0.0033868,-2.67E-04,0,0
0.040385,0.59062,0.34804,0.0058161,0.0088381,-4.41E-04,0,0
0.069981,0.59948,0.34876,0.010113,0.015653,-1.43E-05,0,0
0.081123,0.6083,0.3495,0.011753,0.019062,-1.78E-04,0,0
0.078769,0.61707,0.35024,0.011434,0.018099,-1.28E-04,0,0
0.054537,0.62579,0.35101,0.0079232,0.013182,-2.58E-04,0,0
0.043335,0.63448,0.35179,0.0063056,0.0098844,-1.24E-04,0,0
0.025896,0.64313,0.35259,0.0037728,0.0058717,-1.89E-04,0,0
0.0081403,0.65172,0.3534,0.0011875,0.0020777,-7.70E-05,0,0
0.016573,0.66028,0.35423,0.002424,0.0039843,1.42E-04,0,0
0.031102,0.66879,0.35508,0.0045625,0.0077973,4.19E-04,0,0
0.015904,0.67727,0.35596,0.0023366,0.0036636,-7.43E-05,0,0
0.012617,0.68569,0.35685,0.0018576,0.0028629,2.53E-04,0,0
0.036779,0.69405,0.35776,0.0054337,0.0092298,1.12E-04,0,0
0.041163,0.70236,0.35869,0.006097,0.010102,2.79E-04,0,0
0.012619,0.71064,0.35964,0.0018709,0.0036438,-1.89E-04,0,0
0.039837,0.71889,0.36062,0.0059286,0.0099293,-2.38E-04,0,0
0.050264,0.72707,0.36163,0.0075022,0.013131,-7.88E-05,0,0
0.028425,0.73518,0.36265,0.0042486,0.0073005,3.12E-04,0,0
0.0038198,0.74325,0.36371,5.72E-04,7.94E-04,4.75E-04,0,0
0.016847,0.75127,0.36479,0.0025294,0.0045839,-2.29E-04,0,0
0.029545,0.75924,0.3659,0.00445,0.0081416,2.12E-04,0,0
0.031885,0.76716,0.36705,0.0048154,0.0082157,-4.11E-04,0,0
0.033678,0.77502,0.36823,0.0050999,0.0091811,-1.30E-04,0,0
0.018663,0.78283,0.36945,0.0028317,0.0054951,1.63E-04,0,0
0.016765,0.7906,0.3707,0.0025503,0.0046475,-2.98E-04,0,0
0.058847,0.79832,0.372,0.0089937,0.016523,-3.45E-04,0,0
0.070026,0.80598,0.37334,0.010737,0.020062,-2.83E-04,0,0
0.033371,0.81357,0.37473,0.0051223,0.0097412,-2.23E-04,0,0
0.0161,0.8211,0.37617,0.0024762,0.004608,1.37E-04,0,0
0.043024,0.82858,0.37767,0.0066441,0.012238,5.28E-05,0,0
0.055053,0.836,0.37923,0.0085308,0.016419,-4.12E-04,0,0
0.053716,0.84336,0.38086,0.0083471,0.016222,4.95E-05,0,0
0.027023,0.85066,0.38256,0.0042064,0.0081374,4.98E-04,0,0
0.0053628,0.8579,0.38434,8.36E-04,0.0012244,8.40E-05,0,0
0.035953,0.86509,0.38622,0.0056317,0.011208,2.34E-04,0,0
0.066805,0.87222,0.3882,0.01051,0.021333,-9.61E-05,0,0
0.066269,0.87928,0.39029,0.010457,0.021091,4.50E-04,0,0
0.027179,0.88627,0.39251,0.0042944,0.0085663,-1.69E-04,0,0
0.012822,0.8932,0.39487,0.0020307,0.0046263,1.65E-04,0,0
0.055534,0.90005,0.39743,0.0088397,0.018116,-1.06E-04,0,0
0.069552,0.90685,0.39684,0.011112,0.022813,5.53E-05,0,0
0.041523,0.91361,0.39625,0.0066464,0.013515,4.17E-04,0,0
0.0062419,0.92034,0.39568,0.0010007,0.0020476,4.79E-04,0,0
0.052778,0.92703,0.39511,0.0085043,0.01832,-4.06E-04,0,0
0.056697,0.93368,0.39456,0.009165,0.019579,-2.83E-04,0,0
0.029507,0.94028,0.39401,0.0047782,0.0099282,-4.72E-04,0,0
0.013145,0.94685,0.39347,0.0021333,0.0045318,-6.02E-05,0,0
0.045873,0.95337,0.39294,0.0074762,0.015736,2.44E-04,0,0
0.041224,0.95986,0.39242,0.0067354,0.014476,3.92E-04,0,0
0.023309,0.96631,0.3919,0.0038153,0.0080998,1.77E-04,0,0
0.0030152,0.97273,0.3914,4.94E-04,0.0014848,3.07E-04,0,0
0.044162,0.97912,0.3909,0.0072708,0.015484,-3.66E-04,0,0
0.062363,0.98547,0.39041,0.010299,0.0225,3.84E-05,0,0
0.026542,0.99178,0.38993,0.0043857,0.0093199,-2.78E-04,0,0
0.038576,0.99803,0.38946,0.0063903,0.013765,-8.42E-05,0,0
0.048951,1.0042,0.3945,0.0081274,0.018126,2.55E-04,0,0
0.051308,1.0103,0.40192,0.0085337,0.018809,3.24E-04,0,0
0.038211,1.0163,0.40918,0.0063614,0.014368,1.31E-04,0,0
0.0097984,1.0221,0.41548,0.0016314,0.0038519,-4.96E-04,0,0
0.072472,1.0278,0.42021,0.012113,0.027539,-3.18E-04,0,0
0.083292,1.0335,0.42487,0.013942,0.031985,-4.22E-04,0,0
0.010675,1.039,0.42944,0.0017828,0.004521,4.99E-04,0,0
0.058155,1.0444,0.43237,0.0097389,0.022095,2.95E-04,0,0
0.061424,1.0498,0.43491,0.010293,0.023442,2.22E-04,0,0
0.01979,1.0551,0.43743,0.0033119,0.0073363,-2.27E-06,0,0
0.032015,1.0603,0.43982,0.0053619,0.012453,-1.85E-04,0,0
0.042639,1.0655,0.44067,0.0071454,0.016558,3.21E-04,0,0
0.026631,1.0706,0.44152,0.0044597,0.0098746,-1.98E-04,0,0
0.0044784,1.0757,0.44236,7.49E-04,0.0015189,9.86E-05,0,0
0.033208,1.0807,0.443,0.0055599,0.013117,-1.92E-05,0,0
0.046432,1.0857,0.44251,0.0077751,0.017595,7.20E-06,0,0
0.024484,1.0907,0.44202,0.0040938,0.0092439,1.11E-04,0,0
0.021979,1.0956,0.44154,0.0036719,0.0087331,4.22E-04,0,0
0.069718,1.1005,0.44098,0.011661,0.026938,7.23E-05,0,0
0.056771,1.1054,0.43971,0.009481,0.021808,2.12E-07,0,0
0.01372,1.1103,0.43845,0.0022845,0.0051538,-6.14E-06,0,0
0.072336,1.1151,0.4372,0.01206,0.02743,4.88E-04,0,0
0.069768,1.1199,0.43596,0.011614,0.026823,-1.39E-04,0,0
0.0091493,1.1248,0.43387,0.0015167,0.0032189,2.45E-04,0,0
0.058553,1.1296,0.43177,0.0097108,0.022359,8.95E-05,0,0
0.061489,1.1344,0.42969,0.01018,0.0236,-1.93E-06,0,0
0.010676,1.1392,0.42761,0.0017601,0.0040527,-4.23E-04,0,0
0.018966,1.144,0.425,0.0031214,0.0072701,3.14E-04,0,0
0.020902,1.1488,0.42226,0.0034324,0.0078114,-2.75E-04,0,0
0.027561,1.1536,0.41954,0.004516,0.010433,2.93E-04,0,0
0.028639,1.1585,0.41682,0.0046806,0.010363,-6.94E-05,0,0
0.0072165,1.1633,0.4138,0.001175,0.0029357,-1.06E-05,0,0
0.04823,1.1682,0.41063,0.0078442,0.018005,5.69E-05,0,0
0.044311,1.173,0.40745,0.007183,0.015648,5.24E-05,0,0
0.0039054,1.1779,0.40427,6.30E-04,0.0011188,3.72E-04,0,0
0.039417,1.1828,0.40096,0.0063451,0.014011,8.92E-05,0,0
0.062567,1.1877,0.39755,0.010046,0.021674,4.62E-04,0,0
0.036877,1.1927,0.39413,0.0058912,0.012472,2.52E-04,0,0
0.019087,1.1976,0.39069,0.0030344,0.0068585,-3.86E-04,0,0
0.062654,1.2026,0.38723,0.0099385,0.021826,-4.53E-04,0,0
0.051062,1.2076,0.38376,0.0080596,0.017414,1.78E-04,0,0
0.0033617,1.2126,0.38028,5.27E-04,0.0011212,3.66E-04,0,0
0.027485,1.2177,0.37678,0.0042925,0.0087051,3.95E-04,0,0
0.040723,1.2228,0.37339,0.0063318,0.013725,-2.58E-04,0,0
0.026081,1.2279,0.37009,0.004031,0.0082296,1.99E-04,0,0
0.013967,1.233,0.36678,0.0021457,0.0041658,-1.76E-04,0,0
0.0085529,1.2381,0.36347,0.0013061,0.0024622,4.97E-04,0,0
0.051281,1.2433,0.36042,0.0078011,0.015842,7.74E-05,0,0
0.04683,1.2485,0.35753,0.0070788,0.014102,4.13E-04,0,0
5.78E-04,1.2537,0.35464,8.66E-05,5.64E-04,-2.91E-04,0,0
0.029638,1.259,0.35174,0.0044188,0.0083099,1.23E-05,0,0
0.038288,1.2642,0.34939,0.0056722,0.011007,-1.91E-04,0,0
0.028982,1.2695,0.34719,0.0042616,0.0079894,-5.48E-06,0,0
0.0010862,1.2748,0.34498,1.58E-04,2.29E-04,-2.81E-04,0,0
0.020337,1.28,0.34278,0.0029457,0.0055034,-1.40E-04,0,0
0.026847,1.2853,0.34151,0.0038606,0.0067147,1.25E-04,0,0
0.02238,1.2906,0.34025,0.0031924,0.0059136,4.79E-05,0,0
0.0086528,1.2959,0.33899,0.0012236,0.00206,3.67E-04,0,0
0.023971,1.3011,0.33785,0.003365,0.0055855,-4.49E-04,0,0
0.046467,1.3064,0.33715,0.0064772,0.011401,4.76E-04,0,0
0.030909,1.3116,0.33645,0.0042686,0.0072035,4.97E-04,0,0
0.015935,1.3168,0.33575,0.0021799,0.0039473,4.33E-04,0,0
0.049603,1.322,0.33506,0.0067396,0.010948,2.08E-04,0,0
0.064152,1.3273,0.33436,0.0086462,0.013938,1.51E-04,0,0
0.034376,1.3325,0.33368,0.0045836,0.0072722,2.28E-04,0,0
0.02319,1.3376,0.333,0.0030621,0.0045541,-3.25E-04,0,0
0.059653,1.3428,0.33232,0.007821,0.01155,-1.72E-04,0,0
0.060497,1.3479,0.33165,0.0078583,0.011291,1.12E-04,0,0
0.030721,1.3531,0.33098,0.0039458,0.0058133,4.79E-04,0,0
0.0093962,1.3582,0.33031,0.0011938,0.0016333,-2.24E-04,0,0
0.029535,1.3633,0.32965,0.0037211,0.0045941,-1.98E-04,0,0
0.038916,1.3684,0.329,0.0048586,0.0067891,6.56E-05,0,0
0.02244,1.3735,0.32835,0.0027715,0.0037658,4.86E-04,0,0
7.95E-04,1.3786,0.3277,9.70E-05,-3.67E-04,-4.49E-04,0,0
0.01096,1.3836,0.32705,0.0013263,0.0014513,-3.18E-04,0,0
0.021179,1.3887,0.32641,0.0025394,0.0031352,-2.01E-04,0,0
0.017557,1.3937,0.32577,0.0020838,0.0026,3.69E-04,0,0
0.0014281,1.3988,0.32513,1.68E-04,6.24E-04,4.04E-04,0,0
0.0038515,1.4038,0.3245,4.48E-04,5.00E-04,1.93E-04,0,0
0.0033794,1.4088,0.32387,3.89E-04,3.32E-05,-2.44E-04,0,0
0.015602,1.4139,0.32324,0.0017798,0.002102,2.77E-04,0,0
0.024938,1.4189,0.32261,0.0028189,0.0024161,2.48E-05,0,0
0.022776,1.4239,0.32199,0.0025492,0.0021131,-4.94E-04,0,0
0.01519,1.4289,0.32137,0.0016831,0.0017484,-1.35E-04,0,0
0.0084234,1.4338,0.32075,9.24E-04,7.73E-04,-2.20E-04,0,0
0.0081764,1.4388,0.32014,8.89E-04,4.17E-04,3.50E-04,0,0
0.026285,1.4438,0.31953,0.0028342,0.0015499,-2.51E-04,0,0
0.033152,1.4487,0.31892,0.0035444,0.0022229,-3.78E-04,0,0
0.03919,1.4537,0.31832,0.0041552,0.0025871,-4.92E-04,0,0
0.040562,1.4586,0.31772,0.0042645,0.0018094,-2.34E-04,0,0
0.024938,1.4635,0.31712,0.002597,9.09E-04,-2.24E-04,0,0
7.11E-04,1.4685,0.31652,7.33E-05,-3.81E-04,4.13E-04,0,0
0.021794,1.4734,0.31592,0.0022333,5.65E-04,4.34E-05,0,0
0.034315,1.4783,0.31533,0.003494,0.0012739,-4.42E-04,0,0
0.050786,1.4833,0.31474,0.0051414,0.0014297,1.87E-04,0,0
0.055172,1.4882,0.31415,0.0055502,0.0015651,1.02E-04,0,0
0.043765,1.4931,0.31357,0.0043714,0.0014036,6.57E-05,0,0
0.030713,1.498,0.31298,0.0030467,0.0011077,-3.79E-04,0,0
0.021865,1.5028,0.3124,0.0021565,5.24E-05,-4.14E-04,0,0
0.0073719,1.5077,0.31182,7.23E-04,3.19E-04,-1.47E-04,0,0
0.00637,1.5126,0.31125,6.22E-04,6.53E-05,-2.61E-04,0,0
0.010025,1.5175,0.31067,9.74E-04,5.22E-04,4.09E-04,0,0
0.011099,1.5224,0.3101,0.0010732,5.83E-04,1.08E-04,0,0
0.0082674,1.5272,0.30953,7.95E-04,-3.26E-04,2.11E-04,0,0
0.004113,1.5321,0.30896,3.94E-04,5.08E-04,3.55E-04,0,0
0.0069615,1.537,0.30839,6.63E-04,1.83E-04,1.42E-04,0,0
0.020749,1.5418,0.30783,0.0019694,1.86E-04,1.76E-04,0,0
0.01741,1.5467,0.30726,0.001644,3.87E-04,4.33E-04,0,0
0.022702,1.5515,0.3067,0.0021341,-4.74E-04,2.26E-04,0,0
0.04033,1.5564,0.30615,0.0037785,-8.77E-04,2.58E-04,0,0
0.051288,1.5612,0.30559,0.0047861,-5.55E-04,-4.76E-04,0,0
0.061056,1.5661,0.30503,0.0056743,-5.59E-04,6.44E-05,0,0
0.069239,1.5709,0.30448,0.0064073,-9.80E-04,-1.76E-04,0,0
0.065347,1.5758,0.30393,0.0060149,-0.0016153,1.18E-04,0,0
0.066645,1.5806,0.30337,0.0061043,-0.0018183,4.62E-04,0,0
0.097769,1.5855,0.30283,0.0089343,-0.0019444,-2.29E-04,0,0
0.13559,1.5903,0.30228,0.012369,-0.0039025,1.75E-04,0,0
0.16995,1.5951,0.30173,0.015471,-0.0053261,-4.01E-05,0,0
0.21725,1.5999,0.30119,0.019759,-0.0065765,3.92E-04,0,0
0.27953,1.6048,0.30065,0.02546,-0.0094459,4.16E-04,0,0
0.37867,1.6096,0.30011,0.034652,-0.014075,4.98E-04,0,0
0.51363,1.6144,0.29957,0.047368,-0.019714,1.04E-04,0,0
0.68803,1.6192,0.29903,0.064156,-0.027803,-4.27E-04,0,0
0.93481,1.6241,0.2985,0.088665,-0.040875,3.88E-04,0,0
1.3118,1.6288,0.29797,0.1279,-0.060053,9.89E-05,0,0
1.8381,1.6335,0.29745,0.18631,-0.088699,4.06E-04,0,0
2.3126,1.6366,0.29711,0.24267,-0.11424,1.42E-04,0,0
2.7763,1.6389,0.29686,0.30122,-0.14077,1.83E-04,0,0
3.224,1.6407,0.29666,0.36102,-0.16663,-4.89E-04,0,0
3.6605,1.6422,0.2965,0.42245,-0.19133,-4.18E-05,0,0
4.0906,1.6434,0.29636,0.48602,-0.21483,3.77E-04,0,0
4.5151,1.6444,0.29625,0.55176,-0.23792,2.33E-04,0,0
4.935,1.6452,0.29616,0.61972,-0.26093,-1.15E-04,0,0
5.3525,1.6459,0.29609,0.69018,-0.28269,4.99E-05,0,0
5.769,1.6465,0.29602,0.76341,-0.30324,2.15E-04,0,0
6.186,1.6469,0.29597,0.83965,-0.3226,-1.61E-05,0,0
6.6077,1.6473,0.29593,0.91976,-0.3416,-3.66E-04,0,0
7.0302,1.6476,0.29591,1.0031,-0.35867,3.66E-04,0,0
7.4553,1.6477,0.29589,1.09,-0.37468,1.53E-05,0,0
7.8834,1.6478,0.29588,1.1807,-0.38892,2.24E-04,0,0
8.3157,1.6478,0.29588,1.2755,-0.40059,3.24E-04,0,0
8.7544,1.6477,0.29589,1.375,-0.41075,4.44E-04,0,0
9.2001,1.6474,0.29592,1.4796,-0.41941,-4.17E-04,0,0
9.6537,1.6471,0.29595,1.5897,-0.42383,-3.36E-04,0,0
10.119,1.6467,0.296,1.7063,-0.42603,-1.88E-04,0,0
10.597,1.6462,0.29606,1.8303,-0.4249,3.77E-04,0,0
11.09,1.6455,0.29613,1.9628,-0.4196,4.31E-04,0,0
11.604,1.6447,0.29622,2.1053,-0.40826,-2.33E-04,0,0
12.146,1.6436,0.29634,2.2608,-0.39075,-3.57E-04,0,0
12.725,1.6423,0.29648,2.4334,-0.3642,-2.33E-04,0,0
13.358,1.6407,0.29666,2.6291,-0.32572,2.94E-04,0,0
14.072,1.6384,0.29691,2.8595,-0.26918,-1.71E-04,0,0
14.937,1.6352,0.29726,3.1519,-0.1774,-3.11E-04,0,0
16.191,1.6293,0.29792,3.6046,0.0052975,-6.86E-05,0,0
17.743,1.6185,0.29911,4.2157,0.34663,-9.89E-05,0,0
18.234,1.6137,0.29964,4.4233,0.49503,3.01E-04,0,0
18.537,1.6102,0.30004,4.5555,0.59995,3.84E-05,0,0
18.757,1.6071,0.30039,4.6544,0.68675,3.56E-04,0,0
18.925,1.6043,0.3007,4.7318,0.76058,-1.02E-05,0,0
19.054,1.6018,0.30099,4.7934,0.82569,3.76E-04,0,0
19.156,1.5994,0.30126,4.8441,0.88967,1.42E-04,0,0
19.233,1.5971,0.30151,4.8876,0.96418,3.97E-04,0,0
19.29,1.595,0.30175,4.9216,1.0298,-4.29E-04,0,0
19.329,1.593,0.30197,4.9479,1.0899,-1.84E-04,0,0
19.354,1.5911,0.30219,4.9674,1.1437,2.02E-04,0,0
19.365,1.5893,0.30239,4.9809,1.1931,2.38E-04,0,0
19.365,1.5876,0.30259,4.989,1.2367,4.48E-04,0,0
19.354,1.5859,0.30278,4.9922,1.2757,2.75E-05,0,0
19.333,1.5843,0.30296,4.9909,1.3106,-1.86E-04,0,0
19.302,1.5827,0.30314,4.9852,1.3418,9.38E-05,0,0
19.262,1.5811,0.30332,4.9752,1.3709,-1.83E-05,0,0
19.212,1.5795,0.3035,4.9607,1.3955,3.95E-04,0,0
19.152,1.578,0.30367,4.9419,1.4159,-1.41E-04,0,0
19.082,1.5764,0.30385,4.9186,1.4335,-3.37E-04,0,0
19.002,1.5749,0.30402,4.8909,1.4475,1.07E-04,0,0
18.913,1.5734,0.30419,4.8589,1.4576,-1.44E-04,0,0
18.814,1.572,0.30436,4.8227,1.464,-3.58E-04,0,0
18.705,1.5705,0.30452,4.7824,1.467,-1.68E-04,0,0
18.586,1.5691,0.30469,4.7379,1.4661,-3.98E-04,0,0
18.459,1.5677,0.30485,4.6894,1.4612,-2.63E-04,0,0
18.322,1.5664,0.305,4.637,1.4533,2.91E-04,0,0
18.177,1.565,0.30515,4.581,1.4415,-3.69E-04,0,0
18.022,1.5637,0.3053,4.5214,1.4269,-4.00E-04,0,0
17.859,1.5625,0.30545,4.4584,1.4084,-1.77E-04,0,0
17.689,1.5613,0.30559,4.3922,1.3871,3.91E-04,0,0
17.51,1.5601,0.30572,4.323,1.362,4.37E-04,0,0
17.323,1.5589,0.30585,4.2509,1.334,3.61E-04,0,0
17.128,1.5578,0.30598,4.1756,1.3035,-3.05E-04,0,0
16.92,1.5567,0.30611,4.0958,1.2689,-1.22E-04,0,0
16.699,1.5556,0.30624,4.0114,1.2299,4.28E-04,0,0
16.462,1.5545,0.30636,3.9218,1.1885,2.84E-04,0,0
16.21,1.5535,0.30648,3.8269,1.1425,3.04E-04,0,0
15.94,1.5524,0.3066,3.726,1.0937,1.82E-04,0,0
15.65,1.5514,0.30672,3.6187,1.0404,2.86E-04,0,0
15.337,1.5503,0.30684,3.5042,0.98277,1.78E-04,0,0
14.997,1.5493,0.30696,3.3816,0.92085,-1.97E-04,0,0
14.626,1.5483,0.30708,3.2498,0.85428,-3.83E-04,0,0
14.218,1.5473,0.30719,3.1074,0.78327,1.53E-04,0,0
13.765,1.5464,0.3073,2.9524,0.70739,-2.26E-04,0,0
13.255,1.5455,0.30741,2.7823,0.62538,-3.76E-04,0,0
12.672,1.5446,0.30751,2.593,0.53731,2.61E-05,0,0
11.986,1.5437,0.30761,2.3784,0.44253,-1.65E-04,0,0
11.151,1.543,0.3077,2.1282,0.33873,4.95E-04,0,0
10.065,1.5424,0.30777,1.8219,0.22578,-1.92E-04,0,0
8.4695,1.5421,0.30779,1.4116,0.099296,-3.34E-04,0,0
6.1886,1.543,0.30769,0.90616,-0.0075817,2.54E-04,0,0
3.0481,1.546,0.30735,0.36358,-0.052066,4.72E-04,0,0
0.026335,1.5501,0.30687,0.00248,0.044434,-3.72E-04,0,0
2.9096,1.5543,0.30639,0.34123,0.023398,3.56E-04,0,0
5.5688,1.5577,0.30599,0.77616,0.016617,1.53E-04,0,0
7.9432,1.5596,0.30577,1.2689,0.060077,-1.93E-04,0,0
9.9491,1.5594,0.30579,1.7664,0.16488,2.03E-04,0,0
10.768,1.5584,0.30591,1.9924,0.23659,-1.35E-04,0,0
11.233,1.5574,0.30603,2.1275,0.28848,5.30E-05,0,0
11.541,1.5563,0.30615,2.2201,0.33,9.75E-05,0,0
11.756,1.5553,0.30628,2.2862,0.36301,2.50E-06,0,0
11.904,1.5542,0.30639,2.3329,0.38947,-4.45E-04,0,0
12,1.5532,0.30651,2.3644,0.41042,4.52E-04,0,0
12.055,1.5523,0.30662,2.3832,0.42643,1.94E-04,0,0
12.076,1.5513,0.30673,2.3913,0.43753,-2.46E-04,0,0
12.063,1.5504,0.30683,2.3891,0.44474,2.73E-04,0,0
12.02,1.5495,0.30694,2.3775,0.44792,2.83E-04,0,0
11.948,1.5487,0.30704,2.357,0.44624,2.23E-04,0,0
11.847,1.5478,0.30713,2.3277,0.44117,2.30E-04,0,0
11.717,1.547,0.30723,2.2897,0.4323,4.90E-04,0,0
11.555,1.5462,0.30732,2.2423,0.41891,-3.83E-04,0,0
11.361,1.5455,0.3074,2.1857,0.40169,-1.50E-04,0,0
11.131,1.5448,0.30748,2.1193,0.38133,3.80E-05,0,0
10.863,1.5442,0.30756,2.0426,0.35707,-3.04E-04,0,0
10.55,1.5436,0.30762,1.9544,0.32775,-3.83E-04,0,0
10.181,1.5431,0.30768,1.8528,0.29396,-2.01E-04,0,0
9.7439,1.5427,0.30773,1.735,0.25548,-3.03E-04,0,0
9.2138,1.5425,0.30775,1.5968,0.21175,4.09E-05,0,0
8.5496,1.5426,0.30774,1.4306,0.16334,-2.59E-04,0,0
7.6774,1.5431,0.30768,1.2245,0.10727,-3.82E-04,0,0
6.3845,1.5448,0.30749,0.94442,0.045832,-3.19E-05,0,0
4.5727,1.5486,0.30704,0.603,-0.0029098,2.23E-04,0,0
2.9422,1.5536,0.30647,0.34606,-0.019113,1.99E-04,0,0
1.5263,1.5592,0.30583,0.16088,-0.016303,-3.07E-04,0,0
0.24725,1.5648,0.30518,0.023375,-0.0060963,4.34E-04,0,0
0.91498,1.5705,0.30453,0.090905,-0.0086444,-3.66E-04,0,0
1.9804,1.5762,0.30387,0.21274,-0.02979,-3.48E-04,0,0
3.0425,1.5817,0.30325,0.35164,-0.057526,-4.81E-04,0,0
4.1598,1.5867,0.30268,0.51703,-0.087971,3.28E-04,0,0
5.1177,1.5902,0.30228,0.67504,-0.11194,-2.49E-04,0,0
5.9404,1.5926,0.30202,0.82302,-0.12998,1.74E-04,0,0
6.7048,1.5942,0.30183,0.9709,-0.14144,2.12E-04,0,0
7.4433,1.5955,0.30169,1.1234,-0.14691,-3.90E-04,0,0
8.1942,1.5963,0.3016,1.2883,-0.14609,-2.26E-04,0,0
8.9941,1.5966,0.30157,1.4754,-0.13566,4.47E-04,0,0
9.8817,1.5962,0.30161,1.6971,-0.10908,2.82E-04,0,0
10.974,1.5948,0.30176,1.9908,-0.050356,3.01E-04,0,0
12.427,1.5906,0.30225,2.421,0.093146,-4.79E-04,0,0
13.241,1.5854,0.30283,2.6866,0.2341,2.23E-04,0,0
13.45,1.5829,0.30311,2.7598,0.28973,-3.59E-04,0,0
13.557,1.5809,0.30335,2.7997,0.3292,5.79E-05,0,0
13.602,1.579,0.30356,2.819,0.35944,-4.31E-04,0,0
13.601,1.5773,0.30376,2.8227,0.38087,2.21E-05,0,0
13.562,1.5756,0.30394,2.8137,0.39592,-1.21E-04,0,0
13.49,1.5741,0.30411,2.7935,0.40563,4.53E-06,0,0
13.387,1.5727,0.30428,2.7631,0.41042,-3.54E-04,0,0
13.254,1.5713,0.30443,2.723,0.40978,9.08E-05,0,0
13.092,1.57,0.30458,2.6733,0.40335,-2.29E-04,0,0
12.898,1.5687,0.30473,2.6139,0.39352,-1.90E-04,0,0
12.671,1.5675,0.30487,2.5444,0.37859,2.71E-04,0,0
12.407,1.5664,0.30499,2.4641,0.358,-3.96E-04,0,0
12.1,1.5653,0.30512,2.3717,0.33388,5.18E-05,0,0
11.743,1.5644,0.30523,2.2655,0.3041,1.82E-05,0,0
11.32,1.5635,0.30533,2.1424,0.26711,-3.54E-04,0,0
10.812,1.5628,0.30541,1.998,0.22512,1.19E-04,0,0
10.185,1.5623,0.30547,1.8256,0.17529,4.29E-04,0,0
9.3685,1.5621,0.30549,1.6114,0.11752,-3.73E-04,0,0
8.1653,1.5626,0.30543,1.3172,0.048595,-2.00E-04,0,0
6.4919,1.5651,0.30515,0.95079,-0.01593,2.81E-04,0,0
4.9631,1.5693,0.30467,0.65971,-0.045715,-1.52E-04,0,0
3.7224,1.5745,0.30408,0.45396,-0.052228,-8.33E-05,0,0
2.7524,1.58,0.30344,0.31201,-0.048919,-2.36E-05,0,0
1.9969,1.586,0.30276,0.21284,-0.042021,-2.24E-04,0,0
1.4169,1.5921,0.30207,0.14351,-0.034514,1.20E-05,0,0
0.98495,1.5982,0.30139,0.095771,-0.026819,-4.70E-04,0,0
0.65043,1.6044,0.30069,0.06118,-0.018687,2.78E-04,0,0
0.3899,1.6106,0.3,0.035686,-0.012159,-4.65E-04,0,0
0.19054,1.6166,0.29932,0.017052,-0.0069095,1.46E-04,0,0
0.025221,1.6227,0.29864,0.0022128,-0.0013126,-2.30E-04,0,0
0.13467,1.6287,0.29798,0.011872,-0.0046775,-4.42E-04,0,0
0.30512,1.6349,0.29729,0.027168,-0.012587,1.89E-04,0,0
0.50579,1.6412,0.2966,0.0456,-0.022415,1.82E-05,0,0
0.75042,1.6474,0.29592,0.06876,-0.034766,3.32E-04,0,0
1.0892,1.6538,0.29522,0.10221,-0.054205,-4.38E-04,0,0
1.5383,1.6598,0.29457,0.14915,-0.080536,-2.28E-04,0,0
2.076,1.6649,0.29401,0.20938,-0.11418,1.96E-04,0,0
2.5684,1.6685,0.29363,0.26847,-0.14533,-1.73E-04,0,0
3.0384,1.6712,0.29333,0.32841,-0.17596,3.14E-04,0,0
3.4897,1.6733,0.2931,0.38929,-0.20548,-3.24E-04,0,0
3.9275,1.6749,0.29293,0.4515,-0.23269,-4.24E-04,0,0
4.362,1.6763,0.29278,0.51631,-0.26019,1.68E-04,0,0
4.7929,1.6774,0.29266,0.58363,-0.28742,-2.31E-04,0,0
5.2222,1.6784,0.29255,0.65371,-0.31297,-1.46E-04,0,0
5.6501,1.6792,0.29247,0.7266,-0.3387,1.39E-04,0,0
6.0761,1.6799,0.29239,0.80217,-0.36211,-2.57E-04,0,0
6.5027,1.6804,0.29233,0.88087,-0.38601,-3.06E-04,0,0
6.9293,1.6809,0.29229,0.96262,-0.40771,2.76E-04,0,0
7.3589,1.6812,0.29225,1.048,-0.42843,-2.38E-05,0,0
7.7903,1.6815,0.29222,1.1369,-0.44724,2.83E-05,0,0
8.2247,1.6817,0.2922,1.2296,-0.4648,-1.84E-04,0,0
8.6627,1.6818,0.29219,1.3264,-0.48032,-3.70E-04,0,0
9.1056,1.6818,0.29219,1.4275,-0.49344,-4.52E-04,0,0
9.5548,1.6816,0.2922,1.5336,-0.50572,4.14E-04,0,0
10.009,1.6814,0.29223,1.6445,-0.51362,2.10E-04,0,0
10.473,1.6811,0.29226,1.7613,-0.52022,2.80E-04,0,0
10.946,1.6807,0.29231,1.8845,-0.5221,2.05E-04,0,0
11.433,1.6801,0.29237,2.0153,-0.52111,2.87E-04,0,0
11.935,1.6794,0.29244,2.1548,-0.51496,-5.71E-05,0,0
12.458,1.6786,0.29253,2.3046,-0.50318,4.67E-04,0,0
13.006,1.6776,0.29264,2.4671,-0.48468,-4.71E-05,0,0
13.587,1.6763,0.29278,2.6456,-0.45724,3.57E-04,0,0
14.216,1.6747,0.29295,2.8456,-0.41857,-3.46E-05,0,0
14.913,1.6727,0.29317,3.0761,-0.36294,-2.37E-04,0,0
15.723,1.67,0.29346,3.3558,-0.2778,4.71E-04,0,0
16.775,1.6657,0.29393,3.7391,-0.13283,2.37E-04,0,0
18.276,1.6576,0.29481,4.327,0.16218,2.51E-04,0,0
19.769,1.6457,0.29611,4.9678,0.60072,-2.20E-04,0,0
20.108,1.642,0.29652,5.1056,0.63172,3.77E-04,0,0
20.403,1.6383,0.29692,5.1963,0.48136,2.71E-04,0,0
20.758,1.6334,0.29747,5.3087,0.31097,1.89E-04,0,0
21.244,1.6256,0.29833,5.4674,0.096741,1.16E-04,0,0
21.925,1.6133,0.29969,5.6982,-0.17424,-2.57E-04,0,0
22.826,1.5967,0.30156,6.0186,-0.48002,-3.84E-04,0,0
23.195,1.5901,0.30229,6.1619,-0.54735,2.28E-04,0,0
23.543,1.5842,0.30297,6.2972,-0.61829,-4.34E-04,0,0
23.873,1.5787,0.30359,6.4256,-0.69056,-1.36E-04,0,0
24.189,1.5737,0.30416,6.5484,-0.7639,-4.32E-04,0,0
24.492,1.569,0.3047,6.6667,-0.83862,-2.36E-04,0,0
24.785,1.5645,0.30521,6.781,-0.91402,-4.26E-04,0,0
25.069,1.5604,0.30569,6.8922,-0.9913,2.74E-04,0,0
25.346,1.5564,0.30614,7.0005,-1.0696,1.44E-04,0,0
25.616,1.5526,0.30658,7.1064,-1.1478,2.85E-04,0,0
25.88,1.549,0.30699,7.2102,-1.2274,-6.55E-05,0,0
26.139,1.5456,0.30739,7.3122,-1.308,1.22E-05,0,0
26.394,1.5423,0.30778,7.4126,-1.3886,-9.39E-05,0,0
26.645,1.5391,0.30815,7.5117,-1.4702,-2.41E-04,0,0
26.892,1.536,0.30851,7.6094,-1.5518,-2.49E-04,0,0
27.136,1.533,0.30886,7.7062,-1.6344,1.39E-04,0,0
27.377,1.5301,0.3092,7.802,-1.7174,4.78E-05,0,0
27.624,1.5271,0.30954,7.9005,-1.8031,2.81E-04,0,0
27.881,1.5242,0.30989,8.0028,-1.8944,-3.63E-04,0,0
28.146,1.5211,0.31024,8.1091,-1.9889,-4.97E-04,0,0
28.422,1.5181,0.31061,8.2196,-2.0894,-2.83E-04,0,0
28.708,1.5149,0.31098,8.3346,-2.1949,-4.08E-05,0,0
29.004,1.5117,0.31136,8.4543,-2.3052,1.70E-04,0,0
29.312,1.5084,0.31174,8.579,-2.4204,-2.41E-04,0,0
29.632,1.5051,0.31214,8.7089,-2.5418,-4.01E-04,0,0
29.964,1.5017,0.31254,8.8443,-2.6702,6.07E-05,0,0
30.309,1.4982,0.31296,8.9803,-2.8346,-4.01E-04,0,0
30.669,1.4946,0.31338,9.1176,-3.0342,-3.66E-04,0,0
31.043,1.491,0.31382,9.2615,-3.2419,-2.58E-04,0,0
31.434,1.4872,0.31426,9.4126,-3.4572,4.00E-04,0,0
31.842,1.4834,0.31472,9.5712,-3.6805,-2.07E-04,0,0
32.268,1.4795,0.31519,9.7379,-3.9135,4.41E-04,0,0
32.714,1.4755,0.31567,9.9133,-4.1556,-3.60E-04,0,0
33.18,1.4714,0.31616,10.098,-4.4074,-1.70E-05,0,0
33.668,1.4672,0.31667,10.292,-4.669,4.52E-04,0,0
34.179,1.4629,0.3172,10.497,-4.9418,-1.50E-04,0,0
34.714,1.4584,0.31774,10.712,-5.2253,-4.40E-04,0,0
35.275,1.4538,0.3183,10.94,-5.5202,-1.04E-04,0,0
35.862,1.4491,0.31887,11.179,-5.8263,-4.45E-04,0,0
36.478,1.4443,0.31947,11.432,-6.1444,-9.78E-05,0,0
37.123,1.4392,0.32009,11.698,-6.4741,1.19E-04,0,0
37.8,1.4341,0.32073,11.978,-6.8166,4.51E-04,0,0
38.509,1.4287,0.32139,12.273,-7.1704,6.66E-05,0,0
39.253,1.4232,0.32208,12.584,-7.5371,2.75E-04,0,0
40.032,1.4174,0.32279,12.912,-7.9154,1.18E-04,0,0
40.849,1.4115,0.32353,13.256,-8.3056,-4.26E-04,0,0
41.705,1.4054,0.3243,13.618,-8.7072,-1.09E-04,0,0
42.603,1.399,0.3251,13.998,-9.1189,-1.96E-04,0,0
43.543,1.3924,0.32594,14.397,-9.5417,-3.83E-04,0,0
44.528,1.3855,0.32681,14.815,-9.9735,4.46E-04,0,0
45.56,1.3784,0.32772,15.253,-10.414,7.79E-05,0,0
46.64,1.371,0.32867,15.71,-10.86,2.41E-04,0,0
47.771,1.3633,0.32966,16.187,-11.312,2.67E-04,0,0
48.955,1.3553,0.33069,16.683,-11.767,4.00E-04,0,0
50.194,1.347,0.33177,17.199,-12.224,2.72E-04,0,0
51.489,1.3384,0.33289,17.733,-12.678,2.82E-04,0,0
52.844,1.3295,0.33407,18.285,-13.13,-1.16E-04,0,0
54.26,1.3203,0.33529,18.853,-13.572,5.56E-05,0,0
55.74,1.3107,0.33657,19.435,-14.003,4.23E-04,0,0
57.285,1.3008,0.3379,20.03,-14.417,-1.78E-04,0,0
58.898,1.2905,0.34027,20.634,-14.81,2.87E-04,0,0
60.582,1.2799,0.34282,21.245,-15.175,-2.84E-04,0,0
62.337,1.269,0.34739,21.858,-15.506,-2.67E-04,0,0
64.166,1.2578,0.35239,22.468,-15.796,4.80E-04,0,0
66.071,1.2463,0.35877,23.07,-16.038,3.67E-04,0,0
68.053,1.2345,0.3658,23.658,-16.222,7.67E-06,0,0
70.115,1.2225,0.37356,24.224,-16.339,-1.33E-04,0,0
72.256,1.2103,0.38191,24.761,-16.38,3.63E-04,0,0
74.479,1.1979,0.39051,25.261,-16.335,4.24E-04,0,0
76.783,1.1853,0.39921,25.713,-16.193,-2.30E-04,0,0
79.169,1.1727,0.40766,26.108,-15.944,4.04E-04,0,0
81.638,1.1601,0.4159,26.435,-15.577,7.95E-05,0,0
84.188,1.1475,0.42303,26.685,-15.082,-2.59E-04,0,0
86.816,1.135,0.42944,26.845,-14.452,2.01E-04,0,0
89.521,1.1226,0.43479,26.908,-13.679,-4.59E-04,0,0
92.3,1.1105,0.43838,26.862,-12.756,1.21E-05,0,0
95.149,1.0987,0.44124,26.701,-11.683,4.17E-04,0,0
98.062,1.0873,0.44235,26.419,-10.459,2.44E-04,0,0
101.04,1.0763,0.44246,26.01,-9.086,4.60E-05,0,0
104.06,1.0658,0.44071,25.475,-7.5723,-1.71E-04,0,0
107.13,1.0558,0.43777,24.814,-5.927,4.43E-04,0,0
110.25,1.0464,0.43332,24.032,-4.1644,2.34E-04,0,0
113.39,1.0376,0.42833,23.136,-2.3002,4.65E-04,0,0
116.57,1.0295,0.42157,22.13,-0.34302,2.54E-04,0,0
119.76,1.0219,0.41536,21.035,1.6736,3.29E-05,0,0
122.96,1.0151,0.40773,19.865,3.7289,-2.13E-04,0,0
126.16,1.0088,0.40011,18.635,5.803,-4.24E-04,0,0
129.32,1.0033,0.39332,17.376,7.8509,8.01E-05,0,0
132.46,0.99832,0.38944,16.099,9.8673,2.02E-04,0,0
135.57,0.99392,0.38977,14.821,11.832,-5.77E-05,0,0
138.64,0.99003,0.39006,13.56,13.726,8.80E-05,0,0
141.66,0.98662,0.39032,12.334,15.533,4.39E-04,0,0
144.64,0.98364,0.39055,11.157,17.241,-4.05E-04,0,0
147.56,0.98104,0.39075,10.041,18.839,-4.48E-04,0,0
150.43,0.97877,0.39093,8.9971,20.321,-3.97E-04,0,0
153.23,0.97679,0.39108,8.0325,21.684,3.16E-04,0,0
155.97,0.97505,0.39122,7.1533,22.922,-4.29E-04,0,0
158.64,0.97353,0.39134,6.3634,24.038,-7.29E-05,0,0
161.24,0.97217,0.39144,5.6639,25.03,-1.82E-04,0,0
163.77,0.97097,0.39154,5.0551,25.901,3.23E-04,0,0
166.24,0.96988,0.39162,4.5364,26.662,-4.68E-04,0,0
168.63,0.96889,0.3917,4.1051,27.316,-2.58E-04,0,0
170.95,0.968,0.39177,3.7578,27.871,3.59E-06,0,0
173.2,0.96717,0.39184,3.4899,28.333,-2.31E-04,0,0
175.38,0.9664,0.3919,3.2966,28.709,6.61E-04,0,0
177.49,0.96568,0.39195,3.1725,29.006,8.09E-04,0,0
179.53,0.96501,0.39201,3.112,29.212,0.019269,0,0
178.57,0.96435,0.39206,3.1318,5.4607,0.0013018,0,0
176.68,0.96367,0.39211,3.2095,4.2979,1.29E-04,0,0
174.78,0.96294,0.39217,3.338,3.118,1.29E-04,0,0
172.2,0.96188,0.39226,3.593,1.4933,2.58E-04,0,0
169.3,0.96058,0.39236,3.9866,-0.34808,5.19E-04,0,0
166.41,0.95913,0.39248,4.4874,-2.195,-3.67E-04,0,0
163.54,0.95752,0.39261,5.0883,-4.0357,9.49E-05,0,0
161.56,0.95628,0.39271,5.5595,-5.3035,1.25E-04,0,0
159.71,0.95501,0.39281,6.0384,-6.4824,2.76E-04,0,0
157.89,0.95365,0.39292,6.5468,-7.6437,-3.09E-04,0,0
156.09,0.95216,0.39304,7.081,-8.7805,2.69E-04,0,0
154.32,0.95056,0.39317,7.6368,-9.8889,2.29E-04,0,0
152.57,0.94883,0.39331,8.2098,-10.967,-1.62E-04,0,0
150.86,0.94695,0.39346,8.7959,-12.01,3.00E-04,0,0
149.18,0.94494,0.39363,9.391,-13.016,6.69E-05,0,0
147.54,0.94277,0.3938,9.9912,-13.984,6.90E-05,0,0
145.94,0.94045,0.39399,10.593,-14.911,-3.83E-04,0,0
144.37,0.93796,0.3942,11.192,-15.796,-9.93E-06,0,0
142.85,0.93532,0.39442,11.787,-16.638,-4.97E-05,0,0
141.36,0.93252,0.39465,12.373,-17.437,-3.00E-04,0,0
139.92,0.92955,0.3949,12.948,-18.191,2.58E-05,0,0
138.52,0.92643,0.39516,13.51,-18.901,-3.59E-04,0,0
137.17,0.92315,0.39544,14.057,-19.567,-2.77E-05,0,0
135.86,0.91973,0.39573,14.586,-20.191,-9.48E-05,0,0
134.6,0.91616,0.39604,15.098,-20.772,2.30E-04,0,0
133.38,0.91245,0.39635,15.59,-21.313,-1.97E-04,0,0
132.21,0.90861,0.39668,16.062,-21.814,-3.33E-04,0,0
131.09,0.90465,0.39703,16.513,-22.277,-3.51E-04,0,0
130.01,0.90057,0.39738,16.944,-22.704,1.67E-04,0,0
128.98,0.89639,0.39602,17.352,-23.096,2.78E-04,0,0
127.99,0.8921,0.39449,17.739,-23.454,1.91E-04,0,0
127.05,0.88774,0.39299,18.104,-23.78,-2.22E-04,0,0
126.16,0.88329,0.39154,18.448,-24.077,-1.89E-04,0,0
125.31,0.87877,0.39013,18.77,-24.345,-5.17E-05,0,0
124.51,0.87419,0.38877,19.072,-24.586,-2.85E-04,0,0
123.75,0.86955,0.38744,19.352,-24.803,-2.11E-05,0,0
123.04,0.86487,0.38616,19.613,-24.996,-3.13E-04,0,0
122.38,0.86016,0.38492,19.854,-25.168,-1.46E-04,0,0
121.76,0.85542,0.38372,20.077,-25.32,6.22E-05,0,0
121.18,0.85065,0.38256,20.28,-25.452,-2.10E-05,0,0
120.65,0.84588,0.38143,20.465,-25.568,-3.56E-04,0,0
120.16,0.84109,0.38035,20.633,-25.667,-4.75E-04,0,0
119.72,0.8363,0.3793,20.785,-25.753,-3.94E-04,0,0
119.31,0.83152,0.37828,20.921,-25.826,2.65E-06,0,0
118.95,0.82675,0.3773,21.04,-25.886,-1.38E-04,0,0
118.64,0.82199,0.37635,21.144,-25.935,-4.45E-04,0,0
118.36,0.81726,0.37543,21.233,-25.972,4.07E-04,0,0
118.13,0.81255,0.37454,21.307,-26,4.74E-04,0,0
117.94,0.80787,0.37368,21.366,-26.018,1.29E-04,0,0
117.79,0.80323,0.37285,21.411,-26.028,4.38E-04,0,0
117.68,0.79862,0.37205,21.442,-26.029,-3.96E-04,0,0
117.61,0.79406,0.37128,21.46,-26.023,-2.74E-05,0,0
117.59,0.78955,0.37053,21.464,-26.009,3.49E-04,0,0
117.6,0.78508,0.3698,21.455,-25.987,-3.61E-04,0,0
117.65,0.78066,0.3691,21.433,-25.958,5.98E-05,0,0
117.75,0.7763,0.36843,21.397,-25.923,4.35E-04,0,0
117.88,0.772,0.36777,21.349,-25.875,3.14E-04,0,0
118.05,0.76776,0.36714,21.287,-25.793,-7.01E-05,0,0
118.25,0.76358,0.36653,21.212,-25.674,2.50E-04,0,0
118.5,0.75946,0.36594,21.124,-25.52,-3.88E-04,0,0
118.78,0.75541,0.36536,21.023,-25.329,-2.83E-04,0,0
119.1,0.75143,0.36481,20.909,-25.102,-3.38E-05,0,0
119.46,0.74752,0.36428,20.781,-24.838,4.03E-04,0,0
119.85,0.74369,0.36377,20.64,-24.539,-2.30E-04,0,0
120.28,0.73992,0.36327,20.485,-24.206,4.24E-04,0,0
120.74,0.73624,0.36279,20.317,-23.838,1.15E-04,0,0
121.23,0.73262,0.36233,20.137,-23.436,-1.03E-04,0,0
121.75,0.72909,0.36188,19.942,-23.002,-3.53E-04,0,0
122.31,0.72563,0.36145,19.735,-22.535,-1.84E-05,0,0
122.89,0.72226,0.36103,19.515,-22.038,-4.64E-04,0,0
123.51,0.71896,0.36063,19.281,-21.51,-1.06E-04,0,0
124.15,0.71575,0.36025,19.035,-20.953,-3.43E-04,0,0
124.82,0.71262,0.35988,18.777,-20.368,3.94E-04,0,0
125.52,0.70957,0.35952,18.506,-19.756,-4.92E-04,0,0
126.24,0.70661,0.35917,18.223,-19.118,2.40E-04,0,0
126.99,0.70372,0.35884,17.929,-18.456,3.39E-04,0,0
127.76,0.70092,0.35852,17.624,-17.772,1.31E-04,0,0
128.55,0.69821,0.35822,17.308,-17.066,1.08E-05,0,0
129.36,0.69558,0.35793,16.981,-16.341,-4.00E-04,0,0
130.19,0.69303,0.35764,16.645,-15.597,7.02E-05,0,0
131.03,0.69056,0.35737,16.3,-14.836,4.00E-04,0,0
131.9,0.68817,0.35711,15.947,-14.061,-4.46E-04,0,0
132.78,0.68587,0.35687,15.587,-13.273,-1.50E-04,0,0
133.67,0.68364,0.35663,15.219,-12.474,1.20E-05,0,0
134.58,0.68149,0.3564,14.845,-11.665,-3.40E-04,0,0
135.5,0.67942,0.35618,14.467,-10.848,2.54E-04,0,0
136.44,0.67743,0.35597,14.084,-10.025,-2.75E-04,0,0
137.38,0.67551,0.35577,13.697,-9.1978,3.18E-04,0,0
138.33,0.67367,0.35558,13.308,-8.3688,3.91E-04,0,0
139.32,0.67182,0.35539,12.901,-7.5042,1.64E-04,0,0
140.45,0.66984,0.35519,12.445,-6.537,-2.99E-04,0,0
141.76,0.66767,0.35497,11.918,-5.425,-4.12E-04,0,0
143.36,0.66519,0.35472,11.283,-4.0879,1.04E-04,0,0
145.5,0.66212,0.35442,10.448,-2.3324,-1.44E-04,0,0
148.71,0.65801,0.35401,9.2402,0.20484,1.45E-04,0,0
151.99,0.65432,0.35365,8.0781,2.6637,-4.29E-04,0,0
155.22,0.65107,0.35334,7.0134,4.947,-3.80E-04,0,0
156.98,0.64943,0.35318,6.4731,6.1265,2.47E-04,0,0
158.38,0.64818,0.35306,6.0633,7.0353,-2.95E-04,0,0
159.59,0.64714,0.35296,5.7265,7.7922,1.20E-04,0,0
160.67,0.64623,0.35288,5.439,8.4489,-4.30E-04,0,0
161.65,0.64542,0.3528,5.1881,9.0309,-3.26E-04,0,0
162.56,0.64468,0.35273,4.9657,9.5542,-5.58E-05,0,0
163.42,0.644,0.35267,4.7659,10.033,3.94E-04,0,0
164.26,0.64334,0.35261,4.5774,10.494,1.74E-04,0,0
165.09,0.64269,0.35255,4.3999,10.935,2.33E-04,0,0
165.9,0.64206,0.35249,4.2334,11.359,2.42E-04,0,0
166.7,0.64144,0.35243,4.0777,11.764,3.15E-04,0,0
167.49,0.64084,0.35237,3.9324,12.152,2.58E-04,0,0
168.27,0.64025,0.35232,3.7974,12.523,3.51E-04,0,0
169.03,0.63967,0.35226,3.6724,12.877,-6.75E-05,0,0
169.77,0.6391,0.35221,3.5572,13.214,2.76E-04,0,0
170.5,0.63854,0.35216,3.4514,13.535,5.13E-04,0,0
171.22,0.638,0.35211,3.3545,13.841,-3.81E-04,0,0
171.92,0.63746,0.35206,3.2664,14.131,-3.02E-04,0,0
172.61,0.63692,0.35201,3.1866,14.408,8.75E-05,0,0
173.28,0.6364,0.35196,3.1147,14.67,2.30E-05,0,0
173.93,0.63588,0.35192,3.0505,14.919,-1.23E-04,0,0
174.57,0.63538,0.35187,2.9935,15.155,2.19E-04,0,0
175.2,0.63487,0.35182,2.9433,15.378,2.05E-04,0,0
175.8,0.63438,0.35178,2.8996,15.589,4.73E-05,0,0
176.4,0.63389,0.35173,2.862,15.788,5.72E-04,0,0
176.97,0.63341,0.35169,2.8301,15.977,1.16E-04,0,0
177.53,0.63293,0.35165,2.8036,16.155,2.71E-04,0,0
178.08,0.63245,0.3516,2.7821,16.322,2.31E-04,0,0
178.6,0.63199,0.35156,2.7652,16.48,7.93E-04,0,0
179.12,0.63152,0.35152,2.7525,16.627,0.0024569,0,0
179.61,0.63106,0.35148,2.7437,16.761,0.008556,0,0
179.92,0.63061,0.35144,2.7398,14.194,0.12647,0,0
179.51,0.63015,0.3514,2.7445,13.772,0.0021869,0,0
179.09,0.6297,0.35136,2.7518,13.46,4.74E-04,0,0
178.65,0.62924,0.35131,2.7621,13.138,1.48E-04,0,0
178.19,0.62878,0.35127,2.7755,12.807,3.74E-04,0,0
177.73,0.62832,0.35123,2.7924,12.466,-4.19E-05,0,0
177.25,0.62785,0.35119,2.8128,12.116,2.19E-04,0,0
176.76,0.62739,0.35115,2.8372,11.757,5.90E-05,0,0
176.26,0.62692,0.35111,2.8656,11.389,2.54E-04,0,0
175.74,0.62644,0.35107,2.8983,11.013,-1.00E-04,0,0
175.22,0.62597,0.35102,2.9355,10.628,2.74E-04,0,0
174.68,0.62549,0.35098,2.9773,10.236,-4.08E-04,0,0
174.14,0.625,0.35094,3.024,9.836,4.32E-04,0,0
173.57,0.6245,0.35089,3.0775,9.4153,-1.78E-04,0,0
172.96,0.62397,0.35085,3.1393,8.9677,2.40E-04,0,0
172.31,0.6234,0.3508,3.2111,8.4895,4.57E-05,0,0
171.61,0.6228,0.35074,3.2946,7.9743,7.28E-05,0,0
170.85,0.62214,0.35069,3.3926,7.4164,4.15E-04,0,0
170.02,0.62143,0.35062,3.5086,6.805,-3.63E-04,0,0
169.1,0.62064,0.35055,3.6478,6.1284,-7.61E-05,0,0
168.06,0.61974,0.35047,3.8182,5.3644,-7.72E-05,0,0
166.85,0.61868,0.35038,4.0336,4.4784,2.79E-04,0,0
165.39,0.61738,0.35027,4.3201,3.4032,1.22E-04,0,0
163.43,0.61558,0.35011,4.7431,1.9735,-2.34E-06,0,0
160.63,0.61284,0.34988,5.4275,-0.059269,1.99E-05,0,0
157.86,0.60989,0.34963,6.1857,-2.0375,2.20E-04,0,0
155.14,0.60666,0.34936,7.0063,-3.948,3.65E-04,0,0
153.49,0.60449,0.34918,7.5379,-5.0892,-2.49E-04,0,0
152.23,0.60271,0.34903,7.9588,-5.9472,-2.96E-04,0,0
151.17,0.60112,0.3489,8.3226,-6.6604,-1.77E-04,0,0
150.24,0.59964,0.34878,8.649,-7.2792,1.93E-04,0,0
149.4,0.59824,0.34866,8.9477,-7.8291,8.18E-05,0,0
148.64,0.5969,0.34855,9.2247,-8.3258,-1.17E-04,0,0
147.93,0.5956,0.34844,9.484,-8.7806,2.90E-04,0,0
147.27,0.59433,0.34834,9.7282,-9.2003,-2.55E-05,0,0
146.66,0.59309,0.34824,9.9592,-9.5892,2.60E-04,0,0
146.08,0.59188,0.34814,10.179,-9.9514,-4.51E-04,0,0
145.53,0.59067,0.34805,10.388,-10.29,-4.92E-04,0,0
145.01,0.58949,0.34795,10.588,-10.609,2.67E-04,0,0
144.51,0.58832,0.34786,10.779,-10.909,1.28E-04,0,0
144.04,0.58715,0.34777,10.962,-11.192,-4.54E-04,0,0
143.59,0.586,0.34768,11.138,-11.46,3.88E-04,0,0
143.16,0.58485,0.34759,11.306,-11.713,-2.94E-04,0,0
142.74,0.5837,0.3475,11.47,-11.955,-4.45E-04,0,0
142.34,0.58254,0.3474,11.63,-12.189,-4.13E-04,0,0
141.94,0.58136,0.34731,11.786,-12.413,4.35E-04,0,0
141.56,0.58017,0.34722,11.938,-12.629,1.44E-04,0,0
141.19,0.57897,0.34713,12.086,-12.838,1.42E-04,0,0
140.83,0.57776,0.34703,12.229,-13.037,-4.86E-04,0,0
140.48,0.57653,0.34694,12.369,-13.228,-4.16E-04,0,0
140.14,0.5753,0.34684,12.504,-13.411,4.87E-05,0,0
139.81,0.57405,0.34675,12.635,-13.586,1.77E-04,0,0
139.5,0.5728,0.34665,12.762,-13.752,-1.73E-04,0,0
139.2,0.57153,0.34656,12.884,-13.911,2.77E-04,0,0
138.91,0.57026,0.34646,13.002,-14.061,1.37E-04,0,0
138.63,0.56898,0.34636,13.115,-14.205,-1.64E-04,0,0
138.36,0.56769,0.34627,13.223,-14.34,4.36E-04,0,0
138.1,0.56639,0.34617,13.326,-14.468,-2.12E-04,0,0
137.86,0.56509,0.34607,13.425,-14.588,2.73E-04,0,0
137.62,0.56379,0.34598,13.52,-14.7,-3.59E-04,0,0
137.4,0.56247,0.34588,13.609,-14.807,-3.08E-04,0,0
137.19,0.56116,0.34578,13.694,-14.905,-1.90E-04,0,0
137,0.55984,0.34568,13.774,-14.996,-3.95E-04,0,0
136.81,0.55852,0.34559,13.849,-15.08,1.60E-04,0,0
136.64,0.55719,0.34549,13.919,-15.158,-3.59E-04,0,0
136.47,0.55586,0.34539,13.985,-15.229,2.77E-04,0,0
136.32,0.55453,0.3453,14.046,-15.293,-4.04E-05,0,0
136.19,0.55321,0.3452,14.102,-15.351,-3.70E-05,0,0
136.06,0.55188,0.34511,14.153,-15.402,-4.52E-04,0,0
135.94,0.55055,0.34501,14.199,-15.446,4.48E-04,0,0
135.84,0.54922,0.34492,14.241,-15.485,4.83E-04,0,0
135.75,0.54789,0.34482,14.278,-15.517,-1.72E-04,0,0
135.67,0.54657,0.34473,14.31,-15.544,-3.35E-04,0,0
135.6,0.54524,0.34464,14.338,-15.563,2.31E-04,0,0
135.54,0.54392,0.34454,14.361,-15.578,-4.69E-04,0,0
135.49,0.54261,0.34445,14.379,-15.585,1.93E-04,0,0
135.46,0.5413,0.34436,14.393,-15.587,2.39E-04,0,0
135.43,0.53999,0.34427,14.402,-15.583,-2.31E-04,0,0
135.42,0.53869,0.34418,14.406,-15.574,-1.86E-04,0,0
135.42,0.53739,0.34409,14.406,-15.558,-1.41E-04,0,0
135.43,0.53609,0.344,14.401,-15.537,-2.13E-04,0,0
135.45,0.53481,0.34391,14.391,-15.51,2.62E-04,0,0
135.49,0.53353,0.34382,14.377,-15.476,-2.15E-04,0,0
135.53,0.53226,0.34374,14.359,-15.438,-5.35E-05,0,0
135.58,0.53099,0.34365,14.336,-15.395,-3.90E-04,0,0
135.65,0.52973,0.34357,14.309,-15.346,5.06E-05,0,0
135.72,0.52849,0.34348,14.277,-15.291,2.83E-04,0,0
135.81,0.52725,0.3434,14.242,-15.231,9.85E-05,0,0
135.9,0.52601,0.34332,14.202,-15.163,-4.41E-04,0,0
136.01,0.52479,0.34323,14.158,-15.085,-5.60E-05,0,0
136.13,0.52358,0.34315,14.109,-14.997,4.23E-04,0,0
136.25,0.52238,0.34307,14.057,-14.899,-6.54E-05,0,0
136.39,0.52119,0.343,14.001,-14.791,4.94E-05,0,0
136.53,0.52001,0.34292,13.941,-14.675,-2.01E-04,0,0
136.69,0.51883,0.34284,13.876,-14.549,-2.60E-04,0,0
136.86,0.51765,0.34276,13.807,-14.411,-2.45E-04,0,0
137.04,0.51647,0.34269,13.733,-14.262,3.33E-04,0,0
137.23,0.51528,0.34261,13.653,-14.101,3.48E-04,0,0
137.44,0.51408,0.34253,13.569,-13.928,-4.19E-04,0,0
137.65,0.51288,0.34245,13.479,-13.743,4.96E-04,0,0
137.89,0.51167,0.34238,13.383,-13.545,1.04E-05,0,0
138.14,0.51045,0.3423,13.282,-13.332,2.80E-04,0,0
138.4,0.50923,0.34222,13.174,-13.106,-2.57E-04,0,0
138.68,0.50799,0.34214,13.059,-12.864,-6.81E-05,0,0
138.98,0.50675,0.34206,12.937,-12.606,-2.01E-04,0,0
139.3,0.50549,0.34198,12.808,-12.33,-4.32E-04,0,0
139.63,0.50421,0.3419,12.67,-12.037,3.66E-04,0,0
139.99,0.50292,0.34182,12.524,-11.724,1.29E-04,0,0
140.38,0.50162,0.34174,12.369,-11.389,-4.52E-04,0,0
140.79,0.50029,0.34166,12.203,-11.033,5.10E-05,0,0
141.22,0.49894,0.34157,12.027,-10.652,7.80E-05,0,0
141.69,0.49757,0.34149,11.838,-10.243,1.54E-04,0,0
142.2,0.49616,0.3414,11.636,-9.8045,-4.90E-04,0,0
142.74,0.49472,0.34131,11.419,-9.3328,2.59E-04,0,0
143.33,0.49323,0.34122,11.187,-8.8253,3.81E-04,0,0
143.97,0.4917,0.34113,10.936,-8.2751,2.14E-05,0,0
144.67,0.4901,0.34103,10.661,-7.6725,-1.51E-04,0,0
145.45,0.48843,0.34093,10.36,-7.0084,4.94E-04,0,0
146.33,0.48664,0.34082,10.023,-6.2675,2.98E-04,0,0
147.34,0.48472,0.34071,9.6417,-5.4224,-9.66E-05,0,0
148.54,0.48258,0.34058,9.1969,-4.4339,4.17E-04,0,0
150.04,0.4801,0.34044,8.6523,-3.217,1.60E-04,0,0
152.18,0.47689,0.34025,7.9052,-1.5319,2.59E-04,0,0
155.39,0.47258,0.34,6.8538,0.88308,-4.19E-04,0,0
158.75,0.46852,0.33976,5.8538,3.2549,-2.37E-04,0,0
160.82,0.46616,0.33963,5.2954,4.6292,3.43E-04,0,0
162.23,0.46459,0.33954,4.9412,5.5278,2.50E-04,0,0
163.38,0.46333,0.33947,4.67,6.2338,1.50E-04,0,0
164.37,0.46224,0.33941,4.4491,6.8233,4.01E-04,0,0
165.24,0.46128,0.33936,4.2633,7.3313,-3.66E-04,0,0
166.03,0.4604,0.33931,4.1041,7.7781,1.96E-04,0,0
166.74,0.45959,0.33926,3.9656,8.1754,-2.90E-05,0,0
167.4,0.45883,0.33922,3.844,8.5334,3.31E-04,0,0
168.01,0.45812,0.33918,3.7365,8.858,2.18E-04,0,0
168.58,0.45745,0.33914,3.641,9.1538,-3.90E-04,0,0
169.1,0.45681,0.33911,3.5557,9.4239,-1.20E-04,0,0
169.59,0.4562,0.33908,3.4794,9.672,-1.99E-04,0,0
170.05,0.45561,0.33904,3.411,9.9003,1.94E-04,0,0
170.48,0.45504,0.33901,3.3496,10.11,4.79E-04,0,0
170.88,0.45449,0.33898,3.2952,10.3,-3.63E-04,0,0
171.25,0.45395,0.33895,3.2462,10.475,3.24E-04,0,0
171.59,0.45343,0.33892,3.2021,10.638,1.57E-04,0,0
171.91,0.45292,0.3389,3.1624,10.787,4.09E-04,0,0
172.21,0.45243,0.33887,3.1267,10.924,-3.70E-04,0,0
172.49,0.45195,0.33884,3.0947,11.051,-5.35E-05,0,0
172.75,0.45147,0.33882,3.0659,11.167,3.14E-05,0,0
172.99,0.45101,0.33879,3.0402,11.273,1.66E-05,0,0
173.2,0.45055,0.33877,3.0173,11.37,-1.64E-04,0,0
173.4,0.4501,0.33874,2.9969,11.459,-2.36E-04,0,0
173.58,0.44965,0.33872,2.9789,11.539,1.43E-04,0,0
173.75,0.44922,0.33869,2.9626,11.613,-4.31E-04,0,0
173.9,0.44878,0.33867,2.9484,11.68,1.71E-05,0,0
174.03,0.44836,0.33865,2.9361,11.739,-3.12E-04,0,0
174.14,0.44794,0.33863,2.9256,11.791,-4.45E-04,0,0
174.24,0.44752,0.3386,2.9168,11.835,-1.25E-04,0,0
174.32,0.4471,0.33858,2.9097,11.873,1.77E-04,0,0
174.38,0.44669,0.33856,2.9041,11.903,4.63E-04,0,0
174.42,0.44629,0.33854,2.9001,11.926,-3.60E-04,0,0
174.45,0.44588,0.33852,2.8975,11.94,4.30E-04,0,0
174.46,0.44548,0.33849,2.8964,11.94,2.68E-04,0,0
174.46,0.44508,0.33847,2.8967,11.928,-6.94E-05,0,0
174.43,0.44468,0.33845,2.8985,11.903,-8.56E-05,0,0
174.39,0.44428,0.33843,2.9018,11.866,-1.97E-04,0,0
174.34,0.44389,0.33841,2.9066,11.816,1.40E-04,0,0
174.26,0.44349,0.33839,2.913,11.753,-4.51E-04,0,0
174.17,0.44309,0.33837,2.9211,11.677,1.17E-04,0,0
174.06,0.44269,0.33835,2.9309,11.587,2.84E-04,0,0
173.93,0.44229,0.33832,2.9427,11.484,-2.48E-04,0,0
173.78,0.44188,0.3383,2.9564,11.366,1.61E-04,0,0
173.61,0.44147,0.33828,2.9724,11.234,-4.63E-04,0,0
173.42,0.44106,0.33826,2.9909,11.087,-2.30E-04,0,0
173.21,0.44064,0.33824,3.0119,10.924,-3.81E-04,0,0
172.98,0.44021,0.33822,3.0359,10.743,5.38E-06,0,0
172.72,0.43978,0.33819,3.0636,10.545,-4.07E-04,0,0
172.44,0.43934,0.33817,3.0949,10.327,-8.99E-05,0,0
172.13,0.43889,0.33815,3.1304,10.089,-4.80E-04,0,0
171.79,0.43843,0.33812,3.1706,9.8311,-1.15E-05,0,0
171.43,0.43796,0.3381,3.2162,9.551,-3.38E-04,0,0
171.03,0.43747,0.33807,3.2678,9.2462,4.96E-04,0,0
170.59,0.43696,0.33805,3.3265,8.9139,4.49E-04,0,0
170.12,0.43643,0.33802,3.3935,8.5526,1.97E-04,0,0
169.6,0.43588,0.33799,3.4701,8.1584,1.59E-04,0,0
169.04,0.43529,0.33796,3.5563,7.7338,1.01E-04,0,0
168.43,0.43467,0.33793,3.6554,7.2695,-1.77E-04,0,0
167.75,0.43401,0.33789,3.771,6.7549,-3.34E-04,0,0
166.99,0.43328,0.33785,3.9075,6.179,-1.37E-04,0,0
166.13,0.43248,0.33781,4.0714,5.5277,-2.25E-05,0,0
165.13,0.43156,0.33777,4.273,4.7739,-6.63E-05,0,0
163.92,0.43047,0.33771,4.5327,3.8697,3.97E-04,0,0
162.38,0.42907,0.33764,4.89,2.7192,-4.97E-04,0,0
160.13,0.42697,0.33753,5.4597,1.0581,1.92E-04,0,0
157.51,0.42436,0.3374,6.1899,-0.84317,-3.49E-04,0,0
154.97,0.42154,0.33726,6.9639,-2.65,-3.76E-04,0,0
152.77,0.41875,0.33712,7.6813,-4.1773,-4.17E-04,0,0
151.45,0.41685,0.33703,8.1314,-5.0743,2.23E-05,0,0
150.41,0.4152,0.33695,8.4943,-5.7662,3.79E-04,0,0
149.54,0.4137,0.33687,8.8044,-6.3375,3.26E-04,0,0
148.79,0.41229,0.3368,9.0761,-6.822,4.57E-04,0,0
148.13,0.41094,0.33674,9.3171,-7.2401,-4.04E-04,0,0
147.54,0.40963,0.33668,9.5341,-7.6069,2.59E-04,0,0
147.02,0.40837,0.33662,9.7305,-7.9312,1.31E-06,0,0
146.54,0.40713,0.33656,9.9088,-8.2182,-3.35E-04,0,0
146.12,0.40591,0.3365,10.071,-8.4737,-2.18E-04,0,0
145.73,0.40471,0.33644,10.218,-8.7014,-3.75E-04,0,0
145.36,0.4035,0.33638,10.359,-8.9174,-3.22E-04,0,0
145.03,0.4023,0.33633,10.487,-9.1098,-4.88E-04,0,0
144.73,0.40111,0.33627,10.602,-9.2799,3.35E-04,0,0
144.46,0.39993,0.33622,10.705,-9.4288,-2.94E-04,0,0
144.22,0.39874,0.33616,10.797,-9.5577,1.82E-04,0,0
144.01,0.39756,0.33611,10.878,-9.668,-1.10E-04,0,0
143.83,0.39639,0.33605,10.948,-9.7604,2.82E-04,0,0
143.7,0.39522,0.336,11.001,-9.8226,-4.21E-04,0,0
143.59,0.39407,0.33595,11.042,-9.8625,-3.46E-04,0,0
143.52,0.39291,0.33589,11.072,-9.8872,3.63E-04,0,0
143.46,0.39175,0.33584,11.091,-9.8948,-4.31E-04,0,0
143.44,0.39059,0.33579,11.101,-9.8865,3.76E-04,0,0
143.44,0.38943,0.33573,11.101,-9.8614,3.17E-04,0,0
143.47,0.38826,0.33568,11.09,-9.8201,4.94E-04,0,0
143.52,0.38709,0.33563,11.069,-9.7627,-5.10E-05,0,0
143.59,0.38591,0.33558,11.039,-9.6931,-2.61E-04,0,0
143.69,0.38472,0.33552,10.999,-9.6057,4.91E-04,0,0
143.82,0.38353,0.33547,10.947,-9.4996,4.27E-04,0,0
143.98,0.38233,0.33542,10.884,-9.3759,1.27E-04,0,0
144.18,0.38112,0.33536,10.809,-9.2321,-4.80E-04,0,0
144.4,0.37991,0.33531,10.721,-9.0621,-1.38E-04,0,0
144.66,0.37869,0.33526,10.62,-8.8616,-2.87E-04,0,0
144.96,0.37745,0.3352,10.504,-8.6292,1.49E-04,0,0
145.3,0.3762,0.33515,10.374,-8.3609,-2.63E-04,0,0
145.68,0.37493,0.33509,10.227,-8.0553,-3.06E-06,0,0
146.11,0.37364,0.33504,10.062,-7.7091,3.88E-04,0,0
146.6,0.37231,0.33498,9.8764,-7.3155,4.41E-05,0,0
147.14,0.37094,0.33492,9.6701,-6.8729,-2.21E-04,0,0
147.76,0.36951,0.33486,9.4388,-6.3725,1.10E-04,0,0
148.47,0.36802,0.3348,9.1758,-5.7982,3.07E-04,0,0
149.3,0.36643,0.33473,8.8732,-5.1318,-2.84E-04,0,0
150.3,0.36473,0.33466,8.515,-4.3346,-1.41E-04,0,0
151.56,0.36284,0.33458,8.0729,-3.3407,8.00E-05,0,0
153.27,0.36056,0.33448,7.4939,-2.0201,-2.80E-04,0,0
155.81,0.35742,0.33435,6.6777,-0.1138,8.55E-05,0,0
159.33,0.35348,0.33419,5.6479,2.3867,-2.80E-04,0,0
161.53,0.35116,0.3341,5.0693,3.8614,-2.83E-04,0,0
162.81,0.34986,0.33405,4.7591,4.683,9.72E-05,0,0
163.77,0.34883,0.33401,4.5371,5.288,4.80E-04,0,0
164.53,0.34789,0.33397,4.3701,5.7534,-4.16E-04,0,0
165.16,0.34705,0.33394,4.2356,6.136,2.79E-04,0,0
165.7,0.34627,0.33391,4.1255,6.4569,2.15E-04,0,0
166.18,0.3456,0.33388,4.0291,6.7455,2.79E-04,0,0
166.6,0.34498,0.33385,3.9484,6.9937,3.63E-04,0,0
166.96,0.34439,0.33383,3.8819,7.2031,2.36E-04,0,0
167.25,0.34382,0.33381,3.8277,7.3777,4.85E-04,0,0
167.48,0.34325,0.33379,3.7865,7.5135,-1.99E-04,0,0
167.65,0.34268,0.33376,3.7554,7.6188,1.09E-04,0,0
167.78,0.34213,0.33374,3.7332,7.6971,2.93E-04,0,0
167.86,0.34158,0.33372,3.7192,7.7415,-4.74E-04,0,0
167.89,0.34103,0.3337,3.7136,7.7509,4.50E-04,0,0
167.87,0.34047,0.33368,3.7162,7.7246,-2.83E-04,0,0
167.81,0.33992,0.33366,3.7267,7.6651,-3.51E-04,0,0
167.7,0.33935,0.33364,3.7454,7.5702,-1.48E-06,0,0
167.55,0.33878,0.33361,3.7726,7.4393,1.01E-04,0,0
167.35,0.33821,0.33359,3.8075,7.277,-1.15E-04,0,0
167.1,0.33762,0.33357,3.8525,7.0754,-4.82E-04,0,0
166.8,0.337,0.33354,3.9089,6.8319,-3.16E-04,0,0
166.43,0.33636,0.33352,3.9781,6.5417,-2.52E-04,0,0
166.02,0.33571,0.3335,4.0589,6.2117,3.08E-04,0,0
165.52,0.33502,0.33347,4.1575,5.8248,-1.07E-04,0,0
164.94,0.33427,0.33344,4.2784,5.3688,-1.90E-04,0,0
164.22,0.33338,0.33341,4.4321,4.8162,3.90E-04,0,0
163.34,0.33235,0.33337,4.6287,4.1444,1.43E-04,0,0
162.25,0.33109,0.33332,4.8873,3.3107,-4.30E-04,0,0
160.78,0.32944,0.33326,5.2535,2.2098,-3.62E-04,0,0
158.48,0.32674,0.33316,5.8768,0.50242,1.82E-04,0,0
156.17,0.32377,0.33305,6.556,-1.1741,-2.90E-04,0,0
154.04,0.32063,0.33293,7.2297,-2.6865,4.01E-04,0,0
152.39,0.31772,0.33283,7.7747,-3.8179,2.79E-04,0,0
151.35,0.31552,0.33275,8.1323,-4.519,-1.92E-04,0,0
150.56,0.31356,0.33268,8.4075,-5.0374,4.35E-04,0,0
149.9,0.31166,0.33261,8.6395,-5.4609,-1.72E-04,0,0
149.37,0.30984,0.33255,8.8313,-5.8008,-2.08E-04,0,0
148.94,0.30808,0.33249,8.9868,-6.067,1.54E-04,0,0
148.6,0.30636,0.33243,9.1105,-6.2705,8.44E-05,0,0
148.34,0.30468,0.33237,9.2056,-6.4194,-3.63E-04,0,0
148.17,0.30306,0.33232,9.2678,-6.5049,-5.09E-04,0,0
148.1,0.30152,0.33226,9.2941,-6.5224,1.59E-04,0,0
148.09,0.29998,0.33221,9.2953,-6.4931,1.71E-04,0,0
148.15,0.29842,0.33216,9.2742,-6.4252,-3.18E-05,0,0
148.26,0.29681,0.33211,9.2307,-6.3163,-4.69E-04,0,0
148.46,0.29519,0.33205,9.1602,-6.1579,-1.20E-05,0,0
148.7,0.29346,0.332,9.0696,-5.9645,-2.98E-04,0,0
149.02,0.29168,0.33194,8.9517,-5.7192,-3.97E-04,0,0
149.45,0.28987,0.33188,8.7953,-5.3939,-2.48E-04,0,0
150.04,0.28814,0.33182,8.5834,-4.9435,4.13E-04,0,0
150.78,0.28629,0.33176,8.3227,-4.3784,1.13E-04,0,0
151.7,0.28424,0.3317,8.0013,-3.6682,4.65E-04,0,0
152.92,0.2819,0.33162,7.5866,-2.7334,-2.60E-04,0,0
154.69,0.27892,0.33153,7.0061,-1.3956,4.54E-04,0,0
156.6,0.27602,0.33144,6.4121,0.01228,4.77E-04,0,0
158.47,0.2734,0.33136,5.8647,1.3512,3.96E-04,0,0
160.15,0.27082,0.33128,5.4035,2.5171,1.64E-04,0,0
161.58,0.2683,0.33121,5.0337,3.4848,2.71E-04,0,0
162.62,0.26654,0.33115,4.78,4.1754,-4.94E-05,0,0
163.37,0.26521,0.33112,4.6051,4.6688,1.57E-04,0,0
163.92,0.2641,0.33108,4.4801,5.0351,3.50E-04,0,0
164.32,0.26312,0.33105,4.3925,5.2994,3.06E-04,0,0
164.52,0.262,0.33102,4.3476,5.425,-5.10E-04,0,0
164.6,0.26086,0.33099,4.3306,5.4572,-2.84E-04,0,0
164.52,0.25956,0.33095,4.3468,5.3755,1.18E-04,0,0
164.34,0.25827,0.33091,4.3856,5.2161,-3.26E-04,0,0
164.06,0.25696,0.33088,4.4486,4.9751,-2.00E-04,0,0
163.66,0.25568,0.33084,4.5364,4.6522,-2.48E-04,0,0
163.12,0.25433,0.3308,4.6594,4.2212,-1.43E-04,0,0
162.39,0.25281,0.33076,4.8323,3.645,-1.97E-04,0,0
161.38,0.25099,0.33071,5.0801,2.8665,-4.73E-04,0,0
160.13,0.24898,0.33065,5.4031,1.9145,4.12E-04,0,0
158.82,0.24698,0.3306,5.7613,0.92835,-1.61E-04,0,0
157.4,0.2446,0.33053,6.1677,-0.11776,3.27E-04,0,0
156.08,0.24238,0.33047,6.5641,-1.0735,-2.69E-04,0,0
154.82,0.23997,0.33041,6.9576,-1.9681,3.55E-04,0,0
153.69,0.23746,0.33034,7.3233,-2.7542,-1.53E-04,0,0
152.72,0.23487,0.33028,7.6439,-3.4073,2.43E-04,0,0
151.99,0.23242,0.33021,7.8897,-3.8769,-4.00E-04,0,0
151.43,0.22975,0.33015,8.0822,-4.2265,9.37E-06,0,0
151.13,0.22737,0.33009,8.1852,-4.3888,-5.31E-05,0,0
151.05,0.22516,0.33003,8.2141,-4.3999,2.78E-04,0,0
151.16,0.22301,0.32998,8.1755,-4.2758,3.66E-04,0,0
151.44,0.22071,0.32992,8.0773,-4.0326,6.46E-05,0,0
151.92,0.21848,0.32987,7.9136,-3.657,-4.08E-04,0,0
152.52,0.21623,0.32981,7.706,-3.1912,-4.58E-04,0,0
153.32,0.21438,0.32977,7.4391,-2.5949,-4.63E-04,0,0
154.27,0.21293,0.32974,7.1278,-1.8905,2.73E-04,0,0
155.18,0.21099,0.32969,6.8387,-1.2242,-4.01E-05,0,0
156.08,0.20895,0.32964,6.5563,-0.55958,4.22E-04,0,0
157.03,0.2072,0.3296,6.2688,0.13086,3.45E-04,0,0
157.99,0.20572,0.32957,5.9873,0.82306,-5.61E-04,0,0
158.89,0.20425,0.32954,5.7318,1.4652,-4.88E-04,0,0
159.69,0.20266,0.3295,5.5121,2.031,-2.88E-04,0,0
160.41,0.20119,0.32947,5.3202,2.5367,-5.59E-04,0,0
161.04,0.19988,0.32944,5.1572,2.9711,-3.06E-04,0,0
161.55,0.19867,0.32941,5.0266,3.3187,-1.74E-04,0,0
161.93,0.19742,0.32939,4.9337,3.5585,5.85E-06,0,0
162.16,0.19613,0.32936,4.8776,3.6895,-1.48E-04,0,0
162.22,0.19467,0.32933,4.8612,3.6994,1.36E-05,0,0
162.17,0.19335,0.3293,4.8727,3.6241,-3.11E-04,0,0
162.04,0.19238,0.32928,4.9044,3.4874,3.51E-04,0,0
161.81,0.19155,0.32926,4.9616,3.2752,1.85E-04,0,0
161.43,0.19038,0.32924,5.0571,2.9537,-2.99E-05,0,0
160.94,0.18909,0.32921,5.1819,2.5576,-6.05E-04,0,0
160.39,0.188,0.32919,5.3235,2.1264,1.29E-04,0,0
159.76,0.18667,0.32916,5.4917,1.636,1.28E-04,0,0
159.09,0.18536,0.32914,5.6748,1.1241,-1.70E-04,0,0
158.42,0.1843,0.32911,5.8621,0.62062,-5.93E-04,0,0
157.76,0.18336,0.32909,6.0523,0.1306,2.31E-04,0,0
157.09,0.18228,0.32907,6.2483,-0.35718,5.35E-05,0,0
156.45,0.18127,0.32905,6.4394,-0.81435,-3.43E-04,0,0
155.86,0.1804,0.32904,6.6191,-1.2285,4.71E-05,0,0
155.33,0.17962,0.32902,6.785,-1.5957,-6.34E-04,0,0
154.85,0.17871,0.329,6.9378,-1.9232,5.45E-05,0,0
154.42,0.17773,0.32898,7.0731,-2.2029,4.36E-06,0,0
154.07,0.17673,0.32896,7.1864,-2.4266,-2.62E-04,0,0
153.8,0.1757,0.32894,7.2759,-2.5932,-1.50E-04,0,0
153.62,0.17505,0.32893,7.3329,-2.6841,-8.11E-04,0,0
153.52,0.17419,0.32892,7.367,-2.7253,-3.75E-04,0,0
153.49,0.17338,0.3289,7.3747,-2.71,-7.71E-04,0,0
153.56,0.17279,0.32889,7.3541,-2.6325,-6.75E-04,0,0
153.68,0.17197,0.32887,7.3124,-2.5113,-1.97E-04,0,0
153.87,0.17082,0.32885,7.2512,-2.3509,-5.74E-04,0,0
154.12,0.1699,0.32884,7.1684,-2.1438,-8.02E-04,0,0
154.44,0.16923,0.32882,7.0667,-1.8956,-9.39E-04,0,0
154.8,0.16827,0.32881,6.9519,-1.6189,-6.49E-04,0,0
155.2,0.16749,0.32879,6.8255,-1.3164,-2.16E-04,0,0
155.62,0.16714,0.32878,6.6912,-0.99467,-9.55E-04,0,0
156.07,0.16681,0.32878,6.5526,-0.66106,-8.31E-04,0,0
156.54,0.16609,0.32877,6.4114,-0.32127,-7.83E-04,0,0
